Linus Merrill,1,Plant,20,31,42
Emerald Larson,1,Plant,2,1,164
Hilary Medina,1,Plant,17,1,114
Scarlett Haynes,1,Plant,13,30,39
Libby Richard,1,Plant,24,49,192
Channing Wolfe,1,Plant,9,44,55
Jennifer Mcintyre,1,Plant,22,10,149
Geoffrey Wheeler,1,Plant,9,30,129
Charissa Contreras,1,Plant,24,2,120
Shellie Allison,1,Plant,8,10,105
Yael Roach,1,Plant,21,38,80
Halla O'donnell,1,Plant,11,47,173
Zia Mathis,1,Plant,14,2,54
Tucker Pickett,1,Plant,4,30,164
Idona Burke,1,Plant,21,13,78
Denise Davenport,1,Plant,22,27,50
Caldwell Mullins,1,Plant,19,30,27
Callie Ford,1,Plant,14,10,79
Katell O'Neill,1,Plant,21,30,47
Mikayla Matthews,1,Plant,0,7,103
Althea Gould,1,Plant,10,29,140
Nelle Hatfield,1,Plant,12,46,146
Brandon Oneil,1,Plant,19,43,130
Asher Boyle,1,Plant,19,14,179
Rae Hale,1,Plant,14,20,92
Colorado Hicks,1,Plant,21,6,166
Emery Fitzpatrick,1,Plant,8,12,11
Josephine Salas,1,Plant,8,28,133
Chancellor Love,1,Plant,19,11,174
Wyatt Henry,1,Plant,19,48,93
Knox Pennington,1,Plant,7,17,19
Kirby Cardenas,1,Plant,19,1,48
Unity Witt,1,Plant,20,36,41
Erich Melton,1,Plant,4,19,136
Keith Pratt,1,Plant,24,22,34
Freya Freeman,1,Plant,22,17,190
Hilda Macdonald,1,Plant,21,8,61
Kenneth Whitaker,1,Plant,16,17,71
Irma Daniels,1,Plant,6,21,53
Honorato Wilkerson,1,Plant,1,16,2
Daniel Mckay,1,Plant,12,35,83
Coby Snyder,1,Plant,18,1,152
Daniel Edwards,1,Plant,18,7,27
Colette Boone,1,Plant,0,36,84
Hollee Reid,1,Plant,1,45,15
Inez Mcdonald,1,Plant,24,32,76
Dennis Woodard,1,Plant,7,20,94
Drake Alford,1,Plant,15,11,197
Tyler Leach,1,Plant,6,16,36
Heather Hancock,1,Plant,18,34,175
Bethany Flores,1,Plant,13,16,163
Ulric Gaines,1,Plant,4,1,70
Sonya Middleton,1,Plant,6,13,176
Jeanette Haley,1,Plant,11,6,171
Zeph Barron,1,Plant,10,30,136
Brian Glass,1,Plant,8,32,149
Coby Christensen,1,Plant,24,18,143
Richard Delaney,1,Plant,0,36,82
Noelani Contreras,1,Plant,6,12,44
Gay Bailey,1,Plant,23,26,158
Sylvester Ramsey,1,Plant,21,34,5
Jolie Rivers,1,Plant,5,29,149
Orlando Singleton,1,Plant,16,47,68
Leonard Morse,1,Plant,16,10,30
Kai Robinson,1,Plant,24,11,53
Declan Perry,1,Plant,16,24,187
Priscilla Mueller,1,Plant,9,0,10
Nicholas Byrd,1,Plant,16,12,67
Yasir Peterson,1,Plant,5,46,108
Neville Joyce,1,Plant,12,28,121
Jacqueline Mccoy,1,Plant,14,19,144
Regina Francis,1,Plant,9,9,191
Lee Leon,1,Plant,4,18,115
Mallory Solis,1,Plant,4,22,147
Sean Cotton,1,Plant,23,3,195
Malcolm Willis,1,Plant,13,23,183
Malachi Snider,1,Plant,7,16,115
Dylan Hatfield,1,Plant,24,2,72
Sylvester Daniels,1,Plant,16,35,24
Evan Mills,1,Plant,10,12,140
Nomlanga Hahn,1,Plant,13,16,94
Nora Mccarthy,1,Plant,12,35,11
Brianna Mullen,1,Plant,3,46,195
Colton Love,1,Plant,7,38,157
Erica Carr,1,Plant,24,45,64
Savannah Goodwin,1,Plant,10,9,182
Olga Henderson,1,Plant,13,11,4
Wyatt Joyner,1,Plant,11,23,8
Beatrice Benjamin,1,Plant,14,37,123
Emerald Hoover,1,Plant,19,23,122
Logan Olsen,1,Plant,23,15,87
Rachel Alston,1,Plant,22,21,187
Derek Hood,1,Plant,17,26,56
Christian Calderon,1,Plant,12,6,84
Signe Curry,1,Plant,6,22,26
Lucas York,1,Plant,5,31,126
Angelica Holloway,1,Plant,23,2,1
Justin Sanders,1,Plant,17,42,170
Brittany Macdonald,1,Plant,8,20,60
Irma Faulkner,1,Plant,3,0,90
Abdul Guerra,2,Plant,38,100,266
Cynthia Briggs,2,Plant,35,54,283
Malik Terrell,2,Plant,33,77,332
Sylvia Whitley,2,Plant,49,75,396
Renee Walsh,2,Plant,45,70,327
Roth Ferrell,2,Plant,40,66,308
Xena Sellers,2,Plant,38,74,351
Solomon Ellison,2,Plant,48,72,283
Cherokee Grant,2,Plant,43,73,207
Gannon Hopper,2,Plant,28,82,203
Christine Mcclure,2,Plant,28,61,204
Micah Hancock,2,Plant,33,89,211
Priscilla Gray,2,Plant,36,56,202
Mari Moses,2,Plant,43,92,290
Raphael Jacobson,2,Plant,38,100,328
Hu Morales,2,Plant,33,62,326
Melodie Berry,2,Plant,42,58,285
Germaine Henson,2,Plant,42,82,316
Robert Cabrera,2,Plant,36,95,331
Gabriel Pruitt,2,Plant,30,50,251
Ishmael Raymond,2,Plant,47,60,323
Ifeoma Mccormick,2,Plant,38,57,289
Donovan Richards,2,Plant,34,62,337
Cody Fischer,2,Plant,42,74,348
Zeus Gregory,2,Plant,28,51,339
Geraldine Leon,2,Plant,47,98,280
Alika Ashley,2,Plant,32,80,270
Jenette Mooney,2,Plant,33,65,376
Denton Craig,2,Plant,25,54,266
Juliet Wolfe,2,Plant,32,81,363
Bernard Allison,2,Plant,33,99,319
Chandler Ross,2,Plant,27,89,298
Jemima Anderson,2,Plant,39,86,235
Neil Lane,2,Plant,49,62,381
Murphy Pittman,2,Plant,42,76,243
Ivan Young,2,Plant,41,70,308
Laura Whitfield,2,Plant,42,54,338
Gray O'Neill,2,Plant,40,98,279
Grace Chapman,2,Plant,40,79,326
Allen Ward,2,Plant,45,85,203
Malachi Hendricks,2,Plant,40,84,379
Ferdinand Perry,2,Plant,31,73,300
Felix Whitaker,2,Plant,32,64,394
Chase Gould,2,Plant,38,81,399
Mira Marks,2,Plant,46,80,317
Mufutau Henderson,2,Plant,43,61,380
Tanner Bush,2,Plant,46,84,317
Kelsey Hughes,2,Plant,36,60,218
Rajah David,2,Plant,39,75,366
Odysseus Webb,2,Plant,37,86,275
Connor Harris,2,Plant,45,95,325
Omar Noel,2,Plant,47,89,397
Melvin Cotton,2,Plant,35,91,385
Cailin Vargas,2,Plant,40,81,291
Jena Sexton,2,Plant,42,71,287
Kelly Bentley,2,Plant,26,58,271
Rajah Gonzalez,2,Plant,33,88,300
Sophia Mcmahon,2,Plant,32,87,210
Dalton Hardin,2,Plant,42,86,228
Grady Church,2,Plant,40,72,292
Rahim Neal,2,Plant,43,53,326
Adena Carrillo,2,Plant,45,56,305
Rashad Garrison,2,Plant,36,63,266
Tashya Harper,2,Plant,43,94,309
Logan Wallace,2,Plant,46,58,345
Channing Byrd,2,Plant,31,75,366
Keegan Yang,2,Plant,34,70,218
Harrison Harper,2,Plant,43,97,221
Nehru Patton,2,Plant,37,59,340
Noel Wong,2,Plant,40,76,294
Harriet Bass,2,Plant,31,70,336
Calista Frederick,2,Plant,46,98,279
Carla Riley,2,Plant,26,87,364
Armando Simpson,2,Plant,25,56,202
Maggy Hays,2,Plant,25,53,252
Dane Day,2,Plant,49,92,228
Ferdinand Perkins,2,Plant,33,96,329
Barclay Albert,2,Plant,29,95,219
Guy Ferrell,2,Plant,49,62,340
Stacey Byrd,2,Plant,44,82,394
Rachel Maxwell,2,Plant,47,82,321
Grant Hodges,2,Plant,46,66,335
Kasper Chase,2,Plant,31,94,372
Sierra Hensley,2,Plant,40,71,389
Rachel Marquez,2,Plant,48,77,228
Candace Harris,2,Plant,40,83,203
Ignacia Bowers,2,Plant,26,61,379
Imelda Atkinson,2,Plant,31,74,335
Mason Campos,2,Plant,31,70,358
Rafael Mcintosh,2,Plant,44,85,307
Quentin Hutchinson,2,Plant,41,58,303
Nevada Stein,2,Plant,44,79,202
Macey Meyer,2,Plant,47,88,394
Britanney Phelps,2,Plant,32,75,331
Brent Robertson,2,Plant,36,60,357
Kiona Bradshaw,2,Plant,43,58,379
Orla Middleton,2,Plant,41,51,256
Freya Guzman,2,Plant,39,54,223
Jared Hickman,2,Plant,47,86,236
Fuller Young,2,Plant,37,94,328
Dalton Boyer,3,Plant,50,148,424
Alan Mejia,3,Plant,59,136,492
Delilah Sims,3,Plant,72,124,503
Noah Koch,3,Plant,60,111,464
Myles Mendoza,3,Plant,62,100,493
Tasha Snider,3,Plant,62,125,449
Oleg Bird,3,Plant,65,113,427
Isabelle Cole,3,Plant,53,102,564
Bernard Peters,3,Plant,60,138,455
Philip Wells,3,Plant,60,122,494
Noel Holloway,3,Plant,60,103,490
Howard Morton,3,Plant,57,135,494
Alden Stevenson,3,Plant,75,120,437
Breanna Jackson,3,Plant,56,147,418
Kevin Barnes,3,Plant,67,135,568
Frances Randall,3,Plant,54,143,479
Graham Powell,3,Plant,74,147,495
Julian Ramsey,3,Plant,58,143,405
Nita Bennett,3,Plant,74,145,502
Aileen Mccall,3,Plant,60,134,493
Samuel Garza,3,Plant,66,123,518
Nayda Singleton,3,Plant,70,123,428
Dalton Ramos,3,Plant,73,117,498
Jonah Hayes,3,Plant,68,143,413
Lucius Gates,3,Plant,66,131,472
Riley Dyer,3,Plant,64,119,512
April Hill,3,Plant,65,131,568
Madonna Reed,3,Plant,65,137,511
Cecilia Herring,3,Plant,66,123,463
Rachel Franco,3,Plant,57,111,571
Herrod Mueller,3,Plant,58,136,559
Carson Williams,3,Plant,56,146,546
Callie Smith,3,Plant,52,111,523
Fuller Mcknight,3,Plant,62,110,422
Aladdin Weeks,3,Plant,67,121,580
Joshua Pollard,3,Plant,59,118,433
Carly Yang,3,Plant,50,148,408
Chiquita Walter,3,Plant,74,112,457
Bernard Salinas,3,Plant,57,122,467
Alfreda Nicholson,3,Plant,72,133,403
Trevor Bryant,3,Plant,59,120,568
Azalia Noble,3,Plant,70,120,456
Allegra Mcleod,3,Plant,65,145,561
Erich Cote,3,Plant,63,117,401
Juliet Sanford,3,Plant,55,132,480
Theodore Sharp,3,Plant,57,128,447
Rina Copeland,3,Plant,57,117,434
Yvette Bowman,3,Plant,73,140,503
Noelle Mckenzie,3,Plant,63,118,445
Briar Valdez,3,Plant,54,140,507
Stella Hodges,3,Plant,65,101,478
Martina Glass,3,Plant,68,131,412
Donovan Barry,3,Plant,62,141,529
Theodore Meyer,3,Plant,66,106,486
Uriel Webster,3,Plant,56,127,541
Ella Britt,3,Plant,56,112,462
Martena Pennington,3,Plant,54,132,516
Carter Adams,3,Plant,55,102,552
Hamish Spencer,3,Plant,70,113,550
Emerson Cotton,3,Plant,67,136,456
Hanna Sawyer,3,Plant,56,127,470
Wyatt Duke,3,Plant,59,119,528
Mira Underwood,3,Plant,73,101,451
Cole Tanner,3,Plant,73,111,510
Cassidy Dawson,3,Plant,52,111,530
Madeline Stone,3,Plant,62,127,524
Erasmus Jensen,3,Plant,55,127,560
Jane Snyder,3,Plant,70,110,421
Joshua Emerson,3,Plant,71,112,480
Wyoming Burch,3,Plant,67,147,571
Plato Houston,3,Plant,71,116,540
Basia Huber,3,Plant,74,109,560
Prescott Levine,3,Plant,54,149,593
Phelan Huber,3,Plant,68,148,485
Jolie Guerrero,3,Plant,59,146,476
Camille Stewart,3,Plant,64,133,412
Frances Pollard,3,Plant,56,141,422
Catherine Huber,3,Plant,57,117,594
Anjolie Orr,3,Plant,58,120,503
Jena Cardenas,3,Plant,65,124,581
Xenos Moses,3,Plant,69,142,550
Ulysses Swanson,3,Plant,61,102,416
Palmer Drake,3,Plant,66,111,438
Lareina Drake,3,Plant,52,141,578
Kiona Duffy,3,Plant,71,137,501
Sybill Rodriguez,3,Plant,70,145,401
Sacha Riddle,3,Plant,74,135,495
Gray Singleton,3,Plant,54,150,528
Maya Mcfadden,3,Plant,51,106,585
Kane Flynn,3,Plant,54,101,433
Azalia Knox,3,Plant,54,105,426
Leslie Terrell,3,Plant,60,140,496
Andrew Bartlett,3,Plant,58,117,536
Mara Ayala,3,Plant,60,143,426
Kyle Vaughn,3,Plant,57,133,590
Cherokee Hooper,3,Plant,70,150,484
Odessa Shepherd,3,Plant,66,111,472
Aline Moran,3,Plant,72,116,537
Kelly Dotson,3,Plant,66,104,598
Dai Pruitt,3,Plant,55,119,559
Reece Doyle,4,Plant,100,178,798
Nichole Bray,4,Plant,96,151,774
Erin Wiggins,4,Plant,98,188,604
Charissa Hensley,4,Plant,93,190,781
Jamal Marks,4,Plant,88,175,759
Amaya Gallagher,4,Plant,87,170,748
Thomas York,4,Plant,79,166,763
Cadman Goodwin,4,Plant,94,184,748
Alden Mckee,4,Plant,85,190,797
Carissa Kline,4,Plant,76,151,735
Debra Armstrong,4,Plant,99,179,648
Savannah Hicks,4,Plant,93,164,699
Troy Fernandez,4,Plant,95,191,772
Evangeline Chavez,4,Plant,85,159,714
Kibo Witt,4,Plant,94,150,738
Daryl Vaughn,4,Plant,83,199,748
Hillary Doyle,4,Plant,90,155,633
Alfonso Gibbs,4,Plant,97,196,639
Zephania Gray,4,Plant,96,152,783
Xantha Bowers,4,Plant,82,162,703
Hyacinth Norman,4,Plant,93,179,658
Jemima Curtis,4,Plant,99,196,759
Claire Chapman,4,Plant,96,160,716
Russell Ball,4,Plant,90,162,764
Merritt Cote,4,Plant,90,177,724
Alisa Maddox,4,Plant,94,168,661
Kevin Sexton,4,Plant,99,197,720
Carissa Weber,4,Plant,76,153,653
Ann Haney,4,Plant,89,160,642
Colton Roman,4,Plant,77,152,744
Sigourney Robertson,4,Plant,77,182,612
Ignacia Pittman,4,Plant,91,183,711
Gannon Guerrero,4,Plant,89,170,659
Quin Buchanan,4,Plant,82,200,648
Forrest Moses,4,Plant,100,159,659
Ulla Christian,4,Plant,77,154,764
Dillon Kennedy,4,Plant,99,195,708
Cleo Wallace,4,Plant,77,164,647
Amir Cabrera,4,Plant,80,165,682
Alexa Velez,4,Plant,79,176,639
Gretchen Jensen,4,Plant,85,182,737
Emery Burton,4,Plant,86,187,756
Ian Hurst,4,Plant,91,193,742
Stuart Rich,4,Plant,89,194,601
Fitzgerald Suarez,4,Plant,80,156,652
Brock Harrington,4,Plant,87,164,637
Geoffrey Skinner,4,Plant,94,182,626
Xaviera Ryan,4,Plant,87,174,657
Price Waller,4,Plant,96,158,676
Nicholas Harrison,4,Plant,81,177,799
Wallace Park,4,Plant,94,155,652
Hamilton Spears,4,Plant,77,157,633
Nichole Mayo,4,Plant,81,153,786
Chava Joseph,4,Plant,95,156,658
Troy England,4,Plant,84,155,613
Abel Fulton,4,Plant,99,174,790
Ria Salinas,4,Plant,99,163,636
Sebastian Raymond,4,Plant,94,188,673
Charlotte Silva,4,Plant,80,193,792
Edan Haley,4,Plant,98,191,684
Clayton Watson,4,Plant,79,159,644
Ronan Davidson,4,Plant,98,179,703
Nayda Carney,4,Plant,84,192,643
Elizabeth Roberson,4,Plant,84,193,640
Rina Mccall,4,Plant,79,159,767
Emily Fowler,4,Plant,87,190,788
Duncan Adkins,4,Plant,76,172,642
Howard Pugh,4,Plant,91,160,715
Kirk Spencer,4,Plant,76,153,769
Cody Pollard,4,Plant,97,191,672
Malachi Brewer,4,Plant,90,186,743
Britanney York,4,Plant,89,164,726
Kenyon Vaughn,4,Plant,86,151,712
Gage Santos,4,Plant,89,158,740
Lani Montgomery,4,Plant,84,179,654
Scarlett English,4,Plant,91,189,780
Luke Torres,4,Plant,76,158,663
Francis Campbell,4,Plant,82,173,600
Henry Hicks,4,Plant,96,184,746
Mia Bowers,4,Plant,80,200,665
Holmes Schwartz,4,Plant,85,157,657
Autumn Kim,4,Plant,82,182,745
Mari William,4,Plant,80,193,756
Neville Bernard,4,Plant,96,157,726
Pearl Joseph,4,Plant,85,179,790
Walter Nichols,4,Plant,87,188,673
Drake Cash,4,Plant,91,165,798
Chadwick Bentley,4,Plant,88,171,787
Craig Booker,4,Plant,99,179,687
Sigourney Walters,4,Plant,81,172,607
Nigel Bray,4,Plant,86,154,711
Bo Cameron,4,Plant,84,198,672
Natalie Barker,4,Plant,85,150,676
Hyacinth Grimes,4,Plant,75,159,609
Allegra Griffin,4,Plant,76,180,688
Kibo Avila,4,Plant,86,158,663
Imelda Blankenship,4,Plant,78,170,647
Dean Donovan,4,Plant,86,182,607
Alea Underwood,4,Plant,82,168,691
Chaim Cash,4,Plant,76,156,601
Quinlan Harper,5,Plant,112,236,1169
Ishmael Cortez,5,Plant,118,236,944
Gray Sweeney,5,Plant,119,242,1064
Aurelia Tyler,5,Plant,121,223,1395
Clarke Newman,5,Plant,104,228,901
Tiger Pate,5,Plant,125,216,1187
Grady Kirkland,5,Plant,122,209,1189
Pamela Long,5,Plant,108,218,1187
Iona Francis,5,Plant,118,223,1116
Colton Beasley,5,Plant,102,240,987
Sacha Kline,5,Plant,118,232,989
Karen Kim,5,Plant,103,205,1369
Amena Moore,5,Plant,106,201,1260
Rana Webster,5,Plant,106,241,949
Kelly Fields,5,Plant,105,245,1223
Melvin Best,5,Plant,114,247,1100
Noelani Gilliam,5,Plant,121,219,864
Shaine Alford,5,Plant,106,244,914
Griffin Cooke,5,Plant,118,244,1077
Castor Powell,5,Plant,109,236,909
Kasper David,5,Plant,114,242,1108
Jelani Horn,5,Plant,120,236,1350
Phillip Whitney,5,Plant,103,217,1097
Owen Hester,5,Plant,101,215,1253
Xavier Patterson,5,Plant,122,220,863
Grace Buck,5,Plant,118,224,1003
Addison Hodge,5,Plant,105,204,1142
Duncan Graves,5,Plant,123,216,1262
Maile Nguyen,5,Plant,110,230,1177
Alma Herrera,5,Plant,104,219,1062
Gray Bruce,5,Plant,121,227,1132
Adrienne Serrano,5,Plant,101,207,1160
Calvin Perry,5,Plant,108,201,1336
Neville Church,5,Plant,123,229,1011
Nash Tran,5,Plant,113,248,818
Grady Dunn,5,Plant,114,239,920
Lillian Pratt,5,Plant,111,212,993
Merrill Guy,5,Plant,118,241,1238
Hu Blankenship,5,Plant,118,245,1142
Hayfa Nicholson,5,Plant,110,246,881
Hayden Langley,5,Plant,102,207,998
Francis Pate,5,Plant,120,227,1079
Erica Whitley,5,Plant,120,244,1348
Katelyn Parsons,5,Plant,120,214,953
Merritt Klein,5,Plant,121,218,1367
Kareem Dean,5,Plant,106,234,847
Yetta Chen,5,Plant,111,237,808
Diana Pace,5,Plant,122,224,807
Kirby Taylor,5,Plant,121,209,820
Akeem Curtis,5,Plant,110,213,951
Burke Mckay,5,Plant,121,248,1267
Jolene Berry,5,Plant,122,238,1015
Fletcher Lewis,5,Plant,110,232,965
Hu Meyers,5,Plant,101,242,1226
Tate Austin,5,Plant,119,249,1227
Charde Buckner,5,Plant,105,232,1147
Tana Powers,5,Plant,118,235,818
Nell Lee,5,Plant,113,232,1290
Pascale Brewer,5,Plant,112,224,1061
Jerome Williams,5,Plant,105,245,827
Carissa Todd,5,Plant,101,206,1095
Hammett Sparks,5,Plant,119,229,1241
Charde Ramsey,5,Plant,103,217,1343
Uma Eaton,5,Plant,112,218,872
Travis Stephenson,5,Plant,116,201,1036
Caleb Shields,5,Plant,117,217,1382
Orlando Rojas,5,Plant,120,248,1168
Isaac Stephenson,5,Plant,115,216,1352
Pearl Powers,5,Plant,108,227,1120
Brendan Mathews,5,Plant,104,212,1372
Jasper Hill,5,Plant,109,246,1318
Lenore Bass,5,Plant,109,241,1320
Lance Britt,5,Plant,123,240,1119
Kibo Chen,5,Plant,116,248,1238
Galvin Alford,5,Plant,115,229,1077
Merrill Patterson,5,Plant,123,250,945
Daniel Wolf,5,Plant,102,233,963
Dana Avery,5,Plant,115,247,962
Xavier Hunter,5,Plant,114,234,1150
Hanna Sheppard,5,Plant,100,226,1120
Pamela Ball,5,Plant,105,213,1278
Alana Gaines,5,Plant,115,250,1033
Lael Mccall,5,Plant,115,248,1160
Reed Nixon,5,Plant,119,249,832
Levi Johnston,5,Plant,121,217,1357
Jordan Gamble,5,Plant,117,230,1285
Cole Burton,5,Plant,107,205,1140
Ezekiel Reed,5,Plant,108,225,841
Patrick Summers,5,Plant,116,216,1393
Callum Mccoy,5,Plant,105,211,820
Ivor Boyle,5,Plant,121,208,1399
Winifred Rosa,5,Plant,112,201,1015
Cora Cruz,5,Plant,100,238,1188
Sebastian Jarvis,5,Plant,120,224,827
Dane Hahn,5,Plant,103,212,899
Jerome Duke,5,Plant,121,217,1355
Uriel Ewing,5,Plant,118,206,1386
Bruce Stephens,5,Plant,116,202,1273
Quon Bright,5,Plant,119,232,1298
Lee Lopez,5,Plant,113,237,1366
Suki Gillespie,1,Fire,17,14,68
George Wolfe,1,Fire,20,11,75
Charde Medina,1,Fire,53,6,95
Kelsey Hogan,1,Fire,28,8,69
Fuller Castillo,1,Fire,62,2,40
Cailin Shepherd,1,Fire,4,2,6
Nicole Chapman,1,Fire,15,3,48
Aline Sims,1,Fire,11,15,32
Isadora Dean,1,Fire,32,11,19
Kessie Mullins,1,Fire,58,15,64
May Galloway,1,Fire,32,2,56
Alexandra Bradshaw,1,Fire,19,18,60
Ethan Smith,1,Fire,45,7,49
Lynn Sexton,1,Fire,47,5,47
Wallace Solis,1,Fire,68,13,18
Maris Gaines,1,Fire,37,13,77
Chadwick Mccray,1,Fire,7,12,45
Portia Workman,1,Fire,3,1,16
Armand Mccullough,1,Fire,57,12,22
Felicia Levine,1,Fire,46,4,54
Abdul Cole,1,Fire,72,20,93
Amir Wiggins,1,Fire,66,5,85
Wyatt Conner,1,Fire,54,0,52
Althea Craig,1,Fire,3,8,14
Caesar Brock,1,Fire,69,9,57
Rinah Pena,1,Fire,4,16,74
Maris Tyson,1,Fire,61,19,85
Phelan Stout,1,Fire,12,15,78
Kibo Bright,1,Fire,60,11,70
Jasper Fields,1,Fire,24,14,48
Phoebe Finch,1,Fire,42,2,69
Paul Park,1,Fire,16,1,24
Rylee Park,1,Fire,70,7,93
Devin Daniels,1,Fire,23,1,49
Sydney Rush,1,Fire,32,9,3
Robin Williams,1,Fire,66,9,41
Jacob Mcgowan,1,Fire,10,11,78
Lionel Lambert,1,Fire,21,1,49
Nehru Foley,1,Fire,27,12,89
Lee Copeland,1,Fire,41,7,38
Alfonso Phillips,1,Fire,18,15,23
Erin Morrison,1,Fire,21,1,24
Channing Hoffman,1,Fire,59,15,41
Flynn Wolfe,1,Fire,18,12,53
Hanae Calderon,1,Fire,70,3,32
Irma Olsen,1,Fire,23,14,85
Judith Collins,1,Fire,59,2,22
Gannon Morse,1,Fire,13,3,85
Ferris Morrison,1,Fire,63,3,49
Jane Ferrell,1,Fire,32,12,99
Ivan Wells,1,Fire,61,3,48
Lars Levine,1,Fire,25,9,4
Miranda Shelton,1,Fire,28,0,15
Vernon Mcfarland,1,Fire,54,9,92
Mariam Williams,1,Fire,62,0,93
Inga Hodges,1,Fire,66,19,80
Ivana Murray,1,Fire,72,15,80
Jerome Dunn,1,Fire,5,17,7
Diana Nieves,1,Fire,28,6,34
Dahlia Terry,1,Fire,5,8,46
Kevin Petty,1,Fire,15,6,98
Valentine Knox,1,Fire,53,10,62
Desiree Hayden,1,Fire,23,6,95
Malachi Mccray,1,Fire,57,5,47
Sierra Pacheco,1,Fire,20,14,29
Ocean Vinson,1,Fire,6,19,86
Ariana Baldwin,1,Fire,60,8,36
Bethany Booth,1,Fire,5,17,39
Kyle Tucker,1,Fire,22,7,30
Wayne Lloyd,1,Fire,64,9,7
Kirsten Vasquez,1,Fire,74,1,41
Jennifer Sherman,1,Fire,73,8,22
Warren Vargas,1,Fire,60,5,15
Christen Monroe,1,Fire,70,20,30
Kathleen Ortega,1,Fire,15,11,98
Jaime Bauer,1,Fire,52,7,72
Dolan Farrell,1,Fire,60,9,26
Avye Moran,1,Fire,52,18,96
Rahim Vaughan,1,Fire,2,5,93
Axel Moon,1,Fire,27,4,74
Alfonso Mcfadden,1,Fire,32,1,1
Lee Melendez,1,Fire,18,13,33
Hilel Wilkinson,1,Fire,8,7,88
Summer Avery,1,Fire,19,3,88
Uriel Brewer,1,Fire,21,3,26
Sean Hammond,1,Fire,24,7,81
Tatum Hodges,1,Fire,39,17,13
Avye Rivera,1,Fire,48,8,65
Irma Olsen,1,Fire,7,4,89
Lance Bonner,1,Fire,65,2,38
Astra Fernandez,1,Fire,22,2,54
Tiger Mitchell,1,Fire,23,2,82
Tara Mann,1,Fire,13,6,87
Tad Sosa,1,Fire,75,13,8
Bruce Solomon,1,Fire,29,7,80
Rooney Petty,1,Fire,9,11,72
Xavier Cunningham,1,Fire,71,11,77
Courtney Doyle,1,Fire,21,18,77
Carissa Wallace,1,Fire,61,18,12
Kay Juarez,1,Fire,12,5,7
Camille Luna,2,Fire,136,21,131
Blaze Whitney,2,Fire,134,39,179
Mohammad Walters,2,Fire,138,34,119
Merrill Fernandez,2,Fire,83,26,184
Asher Stanley,2,Fire,118,33,102
Cynthia Dejesus,2,Fire,115,33,179
Finn Sharp,2,Fire,137,33,104
Nayda Dillard,2,Fire,113,32,159
Kieran Rodriguez,2,Fire,86,39,119
Azalia Carr,2,Fire,119,35,160
Cameron Goodman,2,Fire,79,25,127
Kasimir Wyatt,2,Fire,77,32,167
Bo Mejia,2,Fire,110,23,145
Maggy Bell,2,Fire,132,24,182
Keane Marshall,2,Fire,129,26,124
Ulysses Macdonald,2,Fire,88,23,122
Kimberley Reilly,2,Fire,95,30,189
Rahim Cameron,2,Fire,99,23,120
James Shelton,2,Fire,147,29,167
Ishmael Duncan,2,Fire,128,23,101
Portia Mcpherson,2,Fire,117,25,125
Margaret Vaughn,2,Fire,130,30,197
Germane Sampson,2,Fire,108,23,166
MacKensie Smith,2,Fire,143,28,189
Calvin Rasmussen,2,Fire,89,28,106
David Phelps,2,Fire,137,24,181
Desirae Michael,2,Fire,149,21,195
Byron Curry,2,Fire,129,26,169
Hedda Chapman,2,Fire,101,27,186
Quin Jacobs,2,Fire,112,36,165
Nell Glover,2,Fire,100,30,141
Mira Cameron,2,Fire,87,22,163
Scarlet Goodwin,2,Fire,131,36,113
Simone Collier,2,Fire,129,31,105
Indira Hart,2,Fire,114,21,180
Orla Spence,2,Fire,101,21,121
Yasir Haynes,2,Fire,117,36,161
Josiah Price,2,Fire,135,23,145
Maisie Thompson,2,Fire,127,36,105
Eaton Melendez,2,Fire,104,29,142
Lev Gross,2,Fire,123,37,179
Zelda Blevins,2,Fire,118,24,180
Noah Cantrell,2,Fire,114,21,175
Xyla Spence,2,Fire,136,35,125
Jeanette Cain,2,Fire,79,34,147
Veda Rowe,2,Fire,146,20,102
Lareina Patterson,2,Fire,83,30,104
Dolan Mcgee,2,Fire,150,29,135
Samantha Anthony,2,Fire,83,38,102
Deacon Stout,2,Fire,84,35,181
Todd Abbott,2,Fire,139,33,106
Troy Mills,2,Fire,100,30,191
Denton Mcleod,2,Fire,107,36,115
Stephen Bridges,2,Fire,121,21,175
Garrison Harris,2,Fire,103,33,128
Ross Mcneil,2,Fire,111,40,174
Herrod Guthrie,2,Fire,142,36,156
Ira Rivas,2,Fire,130,36,111
Robert Hines,2,Fire,128,22,185
Mira Robbins,2,Fire,146,24,190
Chancellor Serrano,2,Fire,104,23,151
Timothy Ware,2,Fire,77,36,119
Eugenia Heath,2,Fire,116,33,117
Tasha Snow,2,Fire,95,21,139
Simone Luna,2,Fire,144,38,132
Bevis Jimenez,2,Fire,140,24,135
Charde Velez,2,Fire,148,24,146
Lyle Jimenez,2,Fire,115,38,158
Cassandra Fischer,2,Fire,112,37,168
Herrod Stephenson,2,Fire,78,34,104
Davis Reyes,2,Fire,85,38,125
Oleg Berger,2,Fire,141,25,120
Adam Gray,2,Fire,88,37,105
Jeremy Lindsey,2,Fire,75,38,129
Ivy Norton,2,Fire,121,23,146
Rebekah Foreman,2,Fire,136,23,111
Bianca Summers,2,Fire,142,39,123
Oliver Dotson,2,Fire,84,26,151
Ignacia Guerra,2,Fire,78,34,190
Kadeem Mccarty,2,Fire,93,29,151
Rajah Stone,2,Fire,113,26,114
Benjamin Golden,2,Fire,122,32,180
Grady Sherman,2,Fire,140,21,116
Amery Farley,2,Fire,89,20,138
Nell Sosa,2,Fire,123,39,128
Kathleen Burris,2,Fire,146,21,191
Juliet Campbell,2,Fire,93,32,134
Karly Sosa,2,Fire,95,29,176
Hu Dyer,2,Fire,94,28,140
Inez Franco,2,Fire,114,33,153
Jessica Hunter,2,Fire,119,37,176
Amery Stout,2,Fire,80,23,165
Lionel Malone,2,Fire,113,36,199
Kirestin Woodard,2,Fire,103,25,200
Armand Mcneil,2,Fire,94,37,144
Rosalyn Thomas,2,Fire,82,33,102
Stacey Nelson,2,Fire,92,26,119
Ava Hale,2,Fire,86,25,140
Astra Sexton,2,Fire,109,40,107
Emerson Anderson,2,Fire,87,34,152
Cedric Matthews,3,Fire,211,50,293
Daria O'brien,3,Fire,152,50,299
Simone Reilly,3,Fire,199,57,236
Jermaine Marquez,3,Fire,191,60,208
Merritt Pollard,3,Fire,214,49,264
Kelly Nolan,3,Fire,173,54,298
Amery Ray,3,Fire,204,47,281
William Baker,3,Fire,165,56,270
Teagan Lara,3,Fire,202,51,293
Wendy Merrill,3,Fire,201,56,293
Chelsea Mccarthy,3,Fire,157,44,230
Clark Schroeder,3,Fire,171,55,222
Magee Hurley,3,Fire,214,56,217
Xena Nolan,3,Fire,196,57,274
Neve Luna,3,Fire,195,53,203
Ina Stevens,3,Fire,172,54,268
John Waters,3,Fire,182,51,261
Lysandra Floyd,3,Fire,220,58,232
Isabella Finch,3,Fire,181,44,217
Freya Mcgee,3,Fire,170,59,289
Barrett Hinton,3,Fire,221,43,295
Ifeoma Mcdowell,3,Fire,207,57,275
Alden Pennington,3,Fire,155,44,294
Cherokee Bartlett,3,Fire,220,47,277
Adele Carlson,3,Fire,188,54,216
John Morin,3,Fire,180,57,211
Kenyon Barker,3,Fire,185,58,236
Keefe Collier,3,Fire,168,57,246
Dora Henderson,3,Fire,225,60,226
Xavier Gardner,3,Fire,152,57,232
Charlotte Butler,3,Fire,177,57,267
Cecilia Fitzgerald,3,Fire,191,57,299
Hedy Cain,3,Fire,191,42,250
Barbara Mcintosh,3,Fire,203,46,237
Simone Ayala,3,Fire,220,46,247
Hilel Rhodes,3,Fire,224,42,257
Sade Sykes,3,Fire,193,54,244
Maggy Long,3,Fire,152,57,231
Charles Hansen,3,Fire,211,59,273
Grace Joseph,3,Fire,181,42,202
Aurora Sharp,3,Fire,205,49,300
Quintessa Adams,3,Fire,201,41,204
Rina Gaines,3,Fire,171,47,246
Thane Briggs,3,Fire,192,46,279
Lewis Kramer,3,Fire,222,45,280
Cullen Cameron,3,Fire,159,59,286
Hu Gardner,3,Fire,182,52,244
William Mccray,3,Fire,208,49,265
Wade Tyson,3,Fire,181,54,233
Iola Salas,3,Fire,202,45,247
Colt Diaz,3,Fire,178,48,229
Marsden Foreman,3,Fire,205,43,275
Ingrid Johnston,3,Fire,182,47,203
Sharon Pitts,3,Fire,159,42,216
Stacey Rios,3,Fire,183,59,255
Harper Webster,3,Fire,156,43,208
Xantha Potts,3,Fire,162,40,229
Arsenio Carey,3,Fire,159,54,297
Paki Miller,3,Fire,216,41,234
Karly Gilmore,3,Fire,179,49,218
Paloma Guzman,3,Fire,179,57,272
Jerome Clarke,3,Fire,196,44,276
Erich Hoffman,3,Fire,187,58,281
Graham Murphy,3,Fire,165,42,242
Jason Payne,3,Fire,198,43,290
Noble Briggs,3,Fire,205,56,211
Jelani Combs,3,Fire,197,52,300
Kaseem Mccall,3,Fire,174,47,274
Troy Cortez,3,Fire,197,48,229
Jescie Bernard,3,Fire,152,55,293
Gary Barnes,3,Fire,154,52,295
Armand Silva,3,Fire,176,53,298
Laura Harmon,3,Fire,161,57,298
Illana Solomon,3,Fire,200,53,284
Slade Flowers,3,Fire,155,53,287
Sean Vargas,3,Fire,224,49,221
Aidan Cabrera,3,Fire,157,52,228
Heidi Marshall,3,Fire,191,49,264
Cherokee Gray,3,Fire,175,51,285
Lisandra Rivers,3,Fire,217,46,202
Curran Acosta,3,Fire,182,43,244
Uriel Sparks,3,Fire,191,48,251
Camden Trevino,3,Fire,183,51,259
Cody Blackburn,3,Fire,165,49,234
Brenden Bean,3,Fire,181,53,286
Jennifer Ayers,3,Fire,163,59,228
Branden Bright,3,Fire,172,46,292
Cassandra Poole,3,Fire,209,54,214
Chase Flores,3,Fire,223,54,270
Chaney Russell,3,Fire,205,41,271
Jane Moss,3,Fire,161,45,293
Mannix Pugh,3,Fire,194,49,259
Ella Cervantes,3,Fire,217,53,212
Cassandra Holden,3,Fire,158,40,216
Alma Schroeder,3,Fire,169,56,212
Charles Atkins,3,Fire,206,55,295
Jordan Finch,3,Fire,208,52,228
Jessamine Holt,3,Fire,222,43,260
Asher Logan,3,Fire,171,44,248
Belle Ware,4,Fire,297,77,356
Griffin Walter,4,Fire,242,67,308
Tyrone Meyer,4,Fire,294,62,392
Troy Brewer,4,Fire,243,78,316
Michael Wood,4,Fire,240,60,361
Russell Hubbard,4,Fire,231,62,326
Amela Barry,4,Fire,250,66,379
Dennis Bolton,4,Fire,236,76,354
Ignatius Gentry,4,Fire,279,74,343
Ivor Ratliff,4,Fire,295,74,307
Warren Bennett,4,Fire,277,80,374
Alfonso Peters,4,Fire,233,70,396
Geoffrey Miranda,4,Fire,291,75,322
Eric Robles,4,Fire,237,68,312
Tasha Sykes,4,Fire,298,70,334
Ginger Riley,4,Fire,264,63,309
Tatum Frost,4,Fire,295,64,342
Byron Austin,4,Fire,242,62,387
Kiayada Robinson,4,Fire,288,65,376
Imelda Woodard,4,Fire,268,80,366
Isabelle Wyatt,4,Fire,289,63,372
Colorado Moran,4,Fire,238,68,324
Xanthus Medina,4,Fire,251,68,327
Jonas Aguirre,4,Fire,297,66,375
Jamal Anthony,4,Fire,237,66,363
Lillian Howard,4,Fire,287,61,320
Alden Vargas,4,Fire,247,76,313
Addison Goff,4,Fire,259,74,311
Jolie Talley,4,Fire,258,60,389
Lael Adkins,4,Fire,277,74,365
Neve Craig,4,Fire,267,61,322
Amy Craft,4,Fire,257,70,349
Isabella Holman,4,Fire,265,70,337
Robert Mcguire,4,Fire,257,64,380
Ruth Sutton,4,Fire,266,77,339
Dalton Norris,4,Fire,298,65,305
Shay Cooper,4,Fire,237,79,341
Harrison Pacheco,4,Fire,236,67,399
Rooney Duke,4,Fire,283,76,389
Wing Mills,4,Fire,227,79,367
Rogan Aguilar,4,Fire,255,65,351
Holmes Lynch,4,Fire,237,66,358
Omar Schroeder,4,Fire,231,73,342
Shafira Haley,4,Fire,272,60,394
Quinlan Salinas,4,Fire,228,70,379
Wing Pruitt,4,Fire,254,63,302
Selma Brennan,4,Fire,279,74,374
Hilel Faulkner,4,Fire,274,68,361
Dante Ayala,4,Fire,286,64,318
Jesse Barton,4,Fire,265,65,302
Raja Richmond,4,Fire,247,60,360
Karina Ware,4,Fire,299,79,386
Cyrus Nixon,4,Fire,248,73,310
Urielle Rosales,4,Fire,288,65,330
Ciara Bowen,4,Fire,234,78,327
Guy Beck,4,Fire,266,79,315
Yolanda Bryant,4,Fire,255,68,337
Samuel Hubbard,4,Fire,228,61,340
Wylie Travis,4,Fire,245,80,338
Paul Green,4,Fire,268,65,373
Shana Sexton,4,Fire,265,75,370
Dustin Beck,4,Fire,284,77,341
Channing Gomez,4,Fire,291,71,321
Chaim Walton,4,Fire,240,75,325
Adam Roy,4,Fire,267,72,341
Aimee Herrera,4,Fire,282,68,352
Emerson Britt,4,Fire,260,69,376
Marcia Justice,4,Fire,238,78,335
Aiko Mitchell,4,Fire,290,70,318
Ingrid Quinn,4,Fire,269,76,303
Dane Mendoza,4,Fire,228,65,316
Virginia Aguirre,4,Fire,283,76,383
Lee Cardenas,4,Fire,284,73,386
Robert Ball,4,Fire,254,70,325
Mohammad Wilder,4,Fire,266,66,379
Alvin Barrera,4,Fire,268,78,355
Veronica Nguyen,4,Fire,271,64,328
Germaine Cline,4,Fire,283,67,362
Nyssa Mosley,4,Fire,284,72,339
Joshua Bowman,4,Fire,246,60,399
Ulric Dorsey,4,Fire,249,74,370
Adara Shields,4,Fire,228,76,388
Vance Parsons,4,Fire,258,73,304
Dolan Randolph,4,Fire,256,61,355
Ulysses Horne,4,Fire,262,76,347
Fitzgerald Kennedy,4,Fire,283,70,351
Blaze Conley,4,Fire,248,65,341
Roth Suarez,4,Fire,265,73,307
Shoshana Palmer,4,Fire,241,71,373
Mannix Hardin,4,Fire,231,77,329
Brenna James,4,Fire,264,79,321
Abraham Warren,4,Fire,286,67,360
Quintessa Mcgowan,4,Fire,271,62,301
Elaine Merrill,4,Fire,293,62,328
Shannon Moses,4,Fire,234,69,341
Hamilton Ayers,4,Fire,294,74,359
Acton Kramer,4,Fire,266,77,349
Knox Petersen,4,Fire,295,72,335
Octavius Sweeney,4,Fire,272,63,319
Sylvia Bridges,4,Fire,253,66,311
Montana Spears,5,Fire,341,120,699
Desirae Hebert,5,Fire,464,117,461
Lee Gonzales,5,Fire,349,104,443
Reuben Everett,5,Fire,454,110,448
Melissa Clarke,5,Fire,309,92,697
Briar Clarke,5,Fire,367,126,444
Kristen Rush,5,Fire,309,102,586
Tate Donovan,5,Fire,375,90,598
Vivian Morin,5,Fire,323,99,495
David Joseph,5,Fire,333,121,527
Octavius Foley,5,Fire,410,94,609
Charlotte Huber,5,Fire,448,129,596
Carla Vincent,5,Fire,403,102,527
Danielle Sykes,5,Fire,410,126,489
Zoe Mullen,5,Fire,317,102,439
Lilah Donaldson,5,Fire,430,103,416
Seth Blackburn,5,Fire,483,138,624
Sylvester Lyons,5,Fire,362,117,488
Hamilton Grant,5,Fire,495,118,467
Griffith Rosales,5,Fire,417,102,609
Owen Farrell,5,Fire,394,137,665
Naomi Burton,5,Fire,416,110,459
Kiayada Stafford,5,Fire,349,107,416
Brenda Bauer,5,Fire,369,81,654
Priscilla Hunt,5,Fire,333,80,497
Vivian Herring,5,Fire,384,134,487
Maia Steele,5,Fire,489,108,512
Holly Gallegos,5,Fire,325,122,421
Clementine Day,5,Fire,437,105,602
Yetta Dunn,5,Fire,303,103,637
Samuel Moss,5,Fire,313,122,576
Meredith Bell,5,Fire,458,124,535
Sharon Mcclain,5,Fire,489,82,678
Joshua Gaines,5,Fire,494,113,539
Isadora Becker,5,Fire,395,89,683
Owen Horn,5,Fire,465,110,413
Odette Sullivan,5,Fire,331,115,442
Grace Fernandez,5,Fire,442,122,499
Robert Mcdaniel,5,Fire,430,97,622
Nero Lara,5,Fire,328,86,608
Pandora Robinson,5,Fire,305,82,636
Patience Steele,5,Fire,449,109,485
Wynne Wilkerson,5,Fire,413,111,474
Aspen Brock,5,Fire,342,93,424
Yeo Schwartz,5,Fire,389,115,458
Pascale Jensen,5,Fire,391,100,539
Raymond Gilbert,5,Fire,387,96,693
Fatima Perez,5,Fire,450,101,664
Ross Mcgee,5,Fire,495,139,606
Lev Mckenzie,5,Fire,406,91,677
Tad Vinson,5,Fire,435,90,502
Chastity Bennett,5,Fire,436,81,618
Kaseem Dominguez,5,Fire,321,91,645
Yuli Nolan,5,Fire,493,120,664
Kelsie Reid,5,Fire,469,115,596
Angela Bird,5,Fire,309,117,609
Meredith England,5,Fire,497,91,683
Gwendolyn Bates,5,Fire,355,127,672
Henry Hartman,5,Fire,396,81,467
Allen Ware,5,Fire,408,100,630
Ali Lyons,5,Fire,354,116,675
Colorado York,5,Fire,410,90,431
Ramona Haynes,5,Fire,303,106,630
Gavin Turner,5,Fire,383,96,469
Ebony Rocha,5,Fire,358,133,552
Nolan Mayo,5,Fire,329,109,613
Lucius Stanton,5,Fire,405,106,479
Zenia Stevenson,5,Fire,311,84,595
Logan Hampton,5,Fire,351,99,415
Rooney Decker,5,Fire,347,136,416
Howard Daniel,5,Fire,447,118,547
Samuel Houston,5,Fire,409,82,633
Chelsea Christensen,5,Fire,304,103,477
Hyatt Hutchinson,5,Fire,470,81,592
Lars Petersen,5,Fire,361,101,699
Yasir Duran,5,Fire,380,96,546
Zahir Ashley,5,Fire,427,117,474
Ursula Kirk,5,Fire,369,128,685
Giacomo Nunez,5,Fire,357,108,529
Isaac Chaney,5,Fire,427,83,581
Winifred Compton,5,Fire,440,115,656
Cedric Yang,5,Fire,310,129,623
Wesley Barton,5,Fire,332,82,629
Brock Gallegos,5,Fire,453,104,609
Wendy Cabrera,5,Fire,442,97,430
Arthur Hull,5,Fire,376,104,690
September Marsh,5,Fire,479,119,402
Raya Emerson,5,Fire,423,116,434
Wyoming Morin,5,Fire,439,112,613
Bell Harris,5,Fire,342,81,503
Chase Dillard,5,Fire,467,99,465
Eleanor House,5,Fire,433,133,542
Tobias Bass,5,Fire,447,87,512
Zenaida Lewis,5,Fire,436,122,550
Joelle Velazquez,5,Fire,426,97,557
Zia Casey,5,Fire,333,115,603
Dorothy Barton,5,Fire,458,111,517
Britanni Woodard,5,Fire,354,83,419
Kevyn Becker,5,Fire,320,102,458
Kelly Dickson,5,Fire,367,130,693
Ethan Skinner,1,Water,13,54,19
Lucian Booker,1,Water,12,23,20
Donovan Boyd,1,Water,13,24,101
Akeem Shaw,1,Water,5,55,26
Acton Hooper,1,Water,12,64,125
Shafira Short,1,Water,3,9,32
Quyn Ellison,1,Water,10,4,61
Jescie Hopper,1,Water,9,25,124
Stella Pickett,1,Water,8,62,44
Quentin Armstrong,1,Water,5,72,90
Samson Bush,1,Water,8,69,83
Uta Austin,1,Water,6,10,124
Xander Mitchell,1,Water,5,44,12
Kevyn Tate,1,Water,12,48,30
Jolene Dennis,1,Water,5,15,15
Jerome Lowe,1,Water,7,49,129
Leilani Martin,1,Water,6,72,128
Ruby Flynn,1,Water,5,64,52
Julian Mckenzie,1,Water,11,68,48
Zenia Mills,1,Water,10,2,94
Xena Stafford,1,Water,8,62,87
Allen Mcintyre,1,Water,11,41,53
Jermaine King,1,Water,2,34,126
Calvin Whitehead,1,Water,3,61,80
Alyssa Holmes,1,Water,6,69,11
Lisandra Bishop,1,Water,8,59,65
Lacy Wilder,1,Water,1,10,133
Salvador Roy,1,Water,10,32,32
Ila Fitzpatrick,1,Water,3,69,129
Amal Copeland,1,Water,12,36,133
Martena Petty,1,Water,6,8,26
Leo Rasmussen,1,Water,6,29,54
Ila Martin,1,Water,9,73,48
Oleg Velasquez,1,Water,6,47,89
Mikayla O'Neill,1,Water,1,10,72
Byron Robles,1,Water,8,12,83
Mikayla Cunningham,1,Water,12,58,75
Samuel Moreno,1,Water,6,46,38
Cheryl Williams,1,Water,1,56,110
Galena Nicholson,1,Water,4,8,129
Stacey Harmon,1,Water,12,62,64
Hope Green,1,Water,1,48,32
Francesca Frost,1,Water,2,74,57
Astra Leach,1,Water,10,3,144
Noel Sexton,1,Water,11,55,45
Amos Mcintyre,1,Water,8,56,141
Reagan Craft,1,Water,9,1,42
Hammett Merritt,1,Water,6,62,72
Finn Greene,1,Water,8,66,31
Nomlanga Palmer,1,Water,10,37,29
Gil Montoya,1,Water,9,61,104
Genevieve Salazar,1,Water,12,41,130
Noel Mcleod,1,Water,5,39,124
Carol Short,1,Water,6,53,133
Shad Butler,1,Water,8,46,134
Tatiana Jensen,1,Water,9,17,128
Ishmael Simon,1,Water,4,40,120
Simone Davenport,1,Water,13,43,13
Xavier James,1,Water,6,53,109
Gray Mcguire,1,Water,12,69,78
Zachary Huber,1,Water,3,9,104
Yardley Booker,1,Water,9,47,142
Imelda Gallegos,1,Water,1,19,19
Jana Oneal,1,Water,12,67,107
Ivy Hopkins,1,Water,6,56,5
Hayden Spears,1,Water,12,13,46
Donna Wyatt,1,Water,6,52,76
Myles Snyder,1,Water,3,67,9
Linus Dotson,1,Water,1,17,54
Joy Best,1,Water,1,20,57
Ferris Fletcher,1,Water,2,7,63
Morgan Blake,1,Water,7,42,105
Fletcher Baldwin,1,Water,0,32,60
Blaze Holland,1,Water,4,61,102
Carlos Gutierrez,1,Water,12,72,45
Jescie Lawrence,1,Water,11,48,145
Genevieve Carter,1,Water,11,57,44
Alexander Gonzales,1,Water,6,57,63
Sydney Weeks,1,Water,4,75,30
Perry Haley,1,Water,6,14,15
Tasha Norman,1,Water,8,12,136
Amir Riggs,1,Water,7,55,43
Imogene Michael,1,Water,5,4,135
Sophia Gomez,1,Water,10,43,74
Kadeem Mueller,1,Water,2,12,4
Zena Bates,1,Water,2,4,72
Margaret Briggs,1,Water,8,40,61
Lee Butler,1,Water,2,40,132
Alika Snow,1,Water,13,58,82
Jaime Morin,1,Water,1,27,68
Oleg Ross,1,Water,7,14,131
Roanna Woods,1,Water,10,28,40
Yuri Anderson,1,Water,4,18,12
Amaya Reese,1,Water,13,20,39
Daryl Cummings,1,Water,4,17,119
Natalie Dale,1,Water,8,57,39
Marshall York,1,Water,1,8,5
Orlando Espinoza,1,Water,5,39,39
Caleb Nash,1,Water,4,5,95
Kalia Bradshaw,1,Water,5,64,120
Berk Lester,2,Water,23,108,278
Rahim Johnston,2,Water,20,117,265
Imelda Clemons,2,Water,18,89,255
Sierra Stuart,2,Water,23,76,278
Bianca Herman,2,Water,16,88,161
Neve Solis,2,Water,24,128,205
Jesse Miles,2,Water,15,96,292
Cruz Day,2,Water,21,83,154
Charlotte Slater,2,Water,24,131,231
Samson Robinson,2,Water,19,105,260
Abbot Alston,2,Water,20,132,244
Connor Mcfarland,2,Water,16,124,187
Perry Waters,2,Water,26,77,201
Omar Rivas,2,Water,17,77,295
Deanna Melendez,2,Water,19,128,246
Doris Terrell,2,Water,16,121,150
Anne Copeland,2,Water,16,123,158
George Foreman,2,Water,26,137,169
Camden Myers,2,Water,20,140,298
Miriam Hickman,2,Water,22,146,296
Naomi Santos,2,Water,17,111,250
Carter Garner,2,Water,24,142,166
Meredith Gomez,2,Water,18,83,232
Shelley Dickerson,2,Water,21,118,252
Gareth Clay,2,Water,16,135,297
Eagan Bowen,2,Water,17,79,224
Brianna Rose,2,Water,22,102,285
Alea Sims,2,Water,17,90,207
Felix Hoover,2,Water,18,114,240
Lance Langley,2,Water,25,92,259
Ignatius Holland,2,Water,18,84,206
Eagan Ross,2,Water,18,119,255
Germaine Page,2,Water,17,138,198
Anika Cannon,2,Water,14,127,174
Paul Hendricks,2,Water,18,133,219
Kevin Mayer,2,Water,26,80,207
Shelley Oliver,2,Water,18,99,186
Erich Hunt,2,Water,13,122,163
Josiah Mercer,2,Water,25,90,175
Giselle Pace,2,Water,14,130,164
Alana Mccray,2,Water,18,78,273
Anne Sykes,2,Water,24,83,235
Cassidy Chase,2,Water,14,124,166
Denise Perry,2,Water,22,106,153
Linus Vega,2,Water,23,84,158
Risa Greer,2,Water,19,89,168
Asher Flores,2,Water,16,128,190
Quon Salas,2,Water,23,147,289
Geoffrey Johns,2,Water,14,103,276
Mikayla Oliver,2,Water,23,118,255
Jamal Bruce,2,Water,17,111,208
Brandon Sweet,2,Water,13,77,217
Quyn Calhoun,2,Water,21,140,153
Dennis Mccray,2,Water,24,122,157
Guinevere Madden,2,Water,24,94,290
Morgan Hester,2,Water,24,104,261
Justine Ewing,2,Water,22,138,178
Kylie Joyce,2,Water,18,144,165
Sybill Webb,2,Water,20,109,169
Lance Garza,2,Water,23,92,266
Geoffrey Preston,2,Water,16,134,226
Suki Gutierrez,2,Water,25,89,281
Jennifer Thornton,2,Water,18,113,199
Karyn Knapp,2,Water,13,111,176
Giselle Dixon,2,Water,17,124,237
Bruno Jordan,2,Water,14,89,186
Silas Sears,2,Water,22,133,177
Doris Velazquez,2,Water,24,149,278
Isaac Mcfarland,2,Water,20,127,297
Macy Deleon,2,Water,15,96,297
Tanek Berry,2,Water,14,96,245
Charde Reynolds,2,Water,25,116,260
Wang Stafford,2,Water,20,127,227
Carla Galloway,2,Water,24,111,273
Veronica Mcpherson,2,Water,20,102,202
Christopher Hood,2,Water,26,148,174
Gloria Cantrell,2,Water,17,116,269
Lynn Conley,2,Water,19,118,182
Brady Buchanan,2,Water,21,79,270
Kylan Beard,2,Water,17,98,222
Lucian Riggs,2,Water,25,90,256
Bruce Hughes,2,Water,22,106,269
Cailin Patton,2,Water,15,119,261
Ria Collins,2,Water,21,113,235
Anika Rodriquez,2,Water,17,85,284
Ralph Morgan,2,Water,24,143,176
Tanek Barron,2,Water,21,101,193
Sade Vargas,2,Water,19,110,257
Shaeleigh Perez,2,Water,22,113,186
Velma Ramsey,2,Water,26,117,246
Lani Roberts,2,Water,24,86,252
Deanna Gray,2,Water,14,80,262
Timon Stanley,2,Water,22,137,189
Isadora Shields,2,Water,17,87,181
Colette Dennis,2,Water,22,118,228
Avye Myers,2,Water,17,130,205
Slade English,2,Water,18,86,178
Ulysses Ball,2,Water,15,140,266
Harding Gordon,2,Water,19,91,260
Brendan Brewer,2,Water,15,88,200
Ian Kirk,3,Water,38,169,428
Germaine Stevens,3,Water,39,206,310
Dylan Paul,3,Water,28,174,381
Martena Nolan,3,Water,33,221,367
Aladdin Beard,3,Water,38,178,392
Barbara Buck,3,Water,39,191,416
Hall Roberson,3,Water,28,213,410
Samuel Mcfadden,3,Water,28,208,312
Jaquelyn Waters,3,Water,27,207,353
Abdul Lucas,3,Water,34,208,388
Maite Hoffman,3,Water,31,182,348
Jaime Hendricks,3,Water,38,189,337
Carla Peck,3,Water,31,197,412
Hermione Case,3,Water,38,181,312
Tanek Trevino,3,Water,38,201,379
Melinda Pearson,3,Water,33,154,322
Elliott Rosa,3,Water,33,157,367
Philip Peterson,3,Water,37,222,396
Mariko Sawyer,3,Water,35,152,327
Camilla Levy,3,Water,33,164,307
Sage Vargas,3,Water,29,204,311
Madeson Allen,3,Water,29,170,379
Howard Morin,3,Water,30,179,401
Nathan Petty,3,Water,30,192,372
George Bowen,3,Water,27,199,435
Nadine Payne,3,Water,38,179,320
Melvin Bartlett,3,Water,33,160,412
Akeem Malone,3,Water,32,195,302
Kermit Baxter,3,Water,29,209,406
Melinda Washington,3,Water,29,203,421
Reese Sellers,3,Water,32,192,415
Irene Brock,3,Water,31,215,361
Anjolie Hurley,3,Water,36,170,385
Ross Parrish,3,Water,29,151,382
Garth Martinez,3,Water,30,156,330
Wang Phelps,3,Water,35,206,346
Aurelia Livingston,3,Water,34,210,347
Rooney Berry,3,Water,33,217,383
Dominic Frost,3,Water,28,172,433
Hall Greer,3,Water,28,191,399
Kimberley Atkins,3,Water,28,191,322
Upton Pacheco,3,Water,27,215,403
Cyrus Lindsay,3,Water,27,167,300
Galvin Rich,3,Water,34,165,311
Armand Dejesus,3,Water,36,180,417
Yoshi Holloway,3,Water,27,223,431
Chandler Blankenship,3,Water,29,181,369
Hayden Willis,3,Water,37,160,412
Kirk Walters,3,Water,32,191,366
Quemby May,3,Water,31,170,421
Ivan Mcgowan,3,Water,34,200,359
Amanda Gillespie,3,Water,38,164,315
Liberty Huff,3,Water,32,184,389
William Atkinson,3,Water,34,189,446
Colleen Valdez,3,Water,31,191,433
Michael Bush,3,Water,38,195,346
Kieran Faulkner,3,Water,27,163,402
Rhea Garrett,3,Water,30,185,346
Conan Hickman,3,Water,38,175,364
Zia Blanchard,3,Water,31,179,423
Zorita Whitfield,3,Water,31,201,411
Geoffrey Burnett,3,Water,36,214,417
Micah Christian,3,Water,31,181,439
Eagan Dodson,3,Water,31,194,420
Brianna Park,3,Water,29,175,404
Mohammad Mccarthy,3,Water,30,159,450
Latifah Bender,3,Water,30,209,313
Olivia Chen,3,Water,31,163,402
Ahmed Fry,3,Water,39,178,398
McKenzie Avila,3,Water,30,218,336
Owen Sandoval,3,Water,28,161,444
Erin Fitzgerald,3,Water,35,190,379
Stephanie Cotton,3,Water,37,205,354
Owen Hunter,3,Water,31,164,393
Mona Singleton,3,Water,29,171,335
Dai Foley,3,Water,28,198,429
Harriet Peterson,3,Water,27,180,339
Keefe Heath,3,Water,32,161,434
Lareina Wagner,3,Water,33,155,332
Eve Thornton,3,Water,31,217,319
Grant Griffith,3,Water,28,166,378
Tobias Snyder,3,Water,32,203,403
Quynn Pittman,3,Water,34,166,376
Risa Pope,3,Water,36,158,305
Branden Drake,3,Water,33,189,390
Fatima Wong,3,Water,38,165,304
Anjolie Burns,3,Water,29,159,352
Vera York,3,Water,29,181,445
Dillon Salazar,3,Water,37,162,386
Cassidy Bowers,3,Water,27,212,396
Lynn Frederick,3,Water,33,211,426
Rudyard Banks,3,Water,37,196,312
Galena Morrow,3,Water,37,211,389
Bruno Weeks,3,Water,35,214,331
Xena Lucas,3,Water,27,188,361
Daniel Stevens,3,Water,34,188,402
Ginger Cohen,3,Water,33,168,372
Evelyn Robles,3,Water,39,150,435
Macy Hogan,3,Water,37,160,338
Barrett Hancock,3,Water,28,198,348
Plato Landry,4,Water,45,268,546
Hedda Mccullough,4,Water,45,249,483
Savannah Pena,4,Water,44,244,481
Amos Perry,4,Water,40,242,600
Geraldine Langley,4,Water,48,267,485
Moses Webb,4,Water,43,277,592
Nita Jackson,4,Water,46,268,486
Reuben Clarke,4,Water,40,229,510
Kirestin Thomas,4,Water,52,242,600
Morgan Shaffer,4,Water,47,247,563
Rana Jensen,4,Water,41,240,555
Rylee Pitts,4,Water,41,256,548
Zahir Crosby,4,Water,48,298,540
Joy Kinney,4,Water,40,233,581
Lance Hood,4,Water,40,278,583
Quon Mann,4,Water,46,258,534
Hyatt Mcclain,4,Water,47,246,478
Lamar Fisher,4,Water,50,289,529
Meghan Mccoy,4,Water,51,278,522
Omar Chandler,4,Water,52,241,580
Myra Thompson,4,Water,43,264,501
Wing Wagner,4,Water,43,226,553
Nola Pacheco,4,Water,40,234,533
Montana Orr,4,Water,42,287,490
Harlan Fitzgerald,4,Water,41,251,588
Inga Munoz,4,Water,50,288,590
Joshua Rosales,4,Water,42,274,532
Eugenia Wright,4,Water,52,227,544
Dorian Mcgee,4,Water,50,282,467
Louis Lucas,4,Water,47,231,530
Halee Albert,4,Water,49,298,456
Dean Estes,4,Water,48,297,472
Stewart Logan,4,Water,40,281,586
Quynn Rodriguez,4,Water,48,289,469
Baker Harding,4,Water,52,281,461
Echo Benjamin,4,Water,44,278,482
Harper Wilder,4,Water,49,255,484
Beck Hardy,4,Water,45,291,481
Anne Jacobson,4,Water,42,278,542
Keely Downs,4,Water,42,241,556
Gregory Velez,4,Water,50,258,505
Paki Stewart,4,Water,39,272,560
Caesar Berry,4,Water,50,284,561
Amaya Ortega,4,Water,47,269,478
Jason Vincent,4,Water,39,250,599
Hedy Parks,4,Water,48,271,521
Rylee Dejesus,4,Water,39,235,546
Raphael Moran,4,Water,51,272,466
Carly Kirkland,4,Water,51,278,523
Robin Conrad,4,Water,45,262,467
Aurora Dodson,4,Water,49,262,598
Tana Conrad,4,Water,46,294,505
Ezra Britt,4,Water,49,244,546
Davis Christensen,4,Water,50,265,538
Fitzgerald Chen,4,Water,39,288,596
Malik Franks,4,Water,41,242,492
Evangeline Olson,4,Water,48,288,556
Angela Evans,4,Water,48,280,564
Macaulay Rutledge,4,Water,51,264,484
Maris Bennett,4,Water,50,290,510
Amber Bates,4,Water,52,245,481
Fuller Arnold,4,Water,50,294,526
Berk Browning,4,Water,50,242,469
Chastity Yates,4,Water,48,244,515
Graiden Mcintosh,4,Water,51,292,539
Phyllis Watts,4,Water,47,287,469
Heather Nichols,4,Water,47,276,506
Bruce Weiss,4,Water,50,235,587
Jasmine Mcclure,4,Water,42,287,471
Geraldine Rodriguez,4,Water,51,258,467
Maggy Hodges,4,Water,43,265,492
Giselle Ellis,4,Water,42,259,554
Yetta Wiggins,4,Water,51,241,564
Russell Blevins,4,Water,48,273,478
Jolene Malone,4,Water,40,296,587
Xenos Gonzales,4,Water,51,279,498
Alvin Stokes,4,Water,42,268,508
Sybil Kirby,4,Water,49,276,539
Roary Flowers,4,Water,45,232,479
Axel Melendez,4,Water,47,293,456
Eugenia Reeves,4,Water,42,235,485
Hanae Clay,4,Water,48,232,533
Gray Collins,4,Water,45,240,562
Robert Mcpherson,4,Water,44,273,513
Bethany Owen,4,Water,47,293,507
Akeem Kinney,4,Water,40,293,579
Chiquita Robles,4,Water,49,244,534
Kim Jensen,4,Water,40,239,552
Lacota Kramer,4,Water,39,282,494
Gisela Patel,4,Water,40,299,535
Orson English,4,Water,44,231,575
Nigel Maddox,4,Water,48,275,574
Elizabeth Bernard,4,Water,52,287,505
Autumn Clements,4,Water,42,243,551
Mia Melton,4,Water,39,235,467
Emerson Hardy,4,Water,48,231,555
Rana Hoffman,4,Water,50,258,489
Bertha Parrish,4,Water,49,268,515
Moana Blackburn,4,Water,51,277,456
Ruth Higgins,4,Water,47,284,599
Lionel Puckett,5,Water,63,439,897
Lois Dillon,5,Water,77,434,620
Kaseem Hutchinson,5,Water,52,338,999
Sydnee Hurst,5,Water,66,308,1019
Kimberly Watts,5,Water,75,459,612
Arthur Gardner,5,Water,76,380,905
Nell Hardin,5,Water,77,341,869
Benedict Rodgers,5,Water,59,494,977
Ashely Rosales,5,Water,73,410,1021
Richard Bean,5,Water,57,422,1036
Mohammad Sanders,5,Water,76,328,969
Vivien Mccarthy,5,Water,80,386,827
Mannix Wagner,5,Water,79,441,817
Aurelia Carr,5,Water,53,462,835
Veda Reilly,5,Water,74,448,912
Bree Cook,5,Water,74,414,890
Ashton Sampson,5,Water,75,464,699
Harrison York,5,Water,65,368,922
Amos Hansen,5,Water,55,425,943
Orla Waller,5,Water,66,304,962
Ahmed Welch,5,Water,68,443,604
Karen Rosario,5,Water,54,355,954
Sybill Mercado,5,Water,59,406,1049
Colleen Wilkinson,5,Water,80,401,980
Daniel Kramer,5,Water,59,332,1011
Imelda Schneider,5,Water,68,452,629
Heather Dotson,5,Water,59,316,905
Hadassah Pollard,5,Water,63,402,1016
Sheila Rice,5,Water,63,474,744
Hashim Morrison,5,Water,70,484,767
Boris Snow,5,Water,56,387,1042
Nina Beck,5,Water,65,424,616
Elaine Zimmerman,5,Water,79,452,878
Keane Holcomb,5,Water,77,391,904
Valentine Beach,5,Water,78,412,800
Serina Bolton,5,Water,63,472,955
Hilel Sloan,5,Water,73,326,784
Leo Larsen,5,Water,62,468,976
Veda Fitzpatrick,5,Water,66,351,746
Mannix Fields,5,Water,56,319,750
Patricia Hickman,5,Water,75,404,631
Anjolie Travis,5,Water,55,369,845
Randall Hines,5,Water,63,476,877
Emery Browning,5,Water,61,339,848
Barrett Richmond,5,Water,59,474,648
Macaulay Hawkins,5,Water,75,461,994
Cassidy Spears,5,Water,54,489,795
Yvonne Savage,5,Water,58,458,646
Amanda Golden,5,Water,71,488,766
Rogan Thomas,5,Water,74,327,768
Palmer George,5,Water,57,309,997
Jaime Matthews,5,Water,69,349,799
Graiden Johns,5,Water,64,391,715
Trevor Noble,5,Water,62,455,989
Melanie Schroeder,5,Water,62,406,721
Jakeem Holder,5,Water,52,327,760
Irene Baxter,5,Water,64,341,953
Bell Kirkland,5,Water,72,432,836
Daphne Neal,5,Water,54,382,814
Jordan Potts,5,Water,57,471,762
Hedda Bentley,5,Water,76,357,989
Erin Knight,5,Water,56,319,669
Castor Garner,5,Water,63,321,1040
Ferdinand Gibson,5,Water,57,486,1034
Kristen Garza,5,Water,69,449,828
Gemma Bishop,5,Water,73,447,909
Harlan Phillips,5,Water,66,392,694
Dorian George,5,Water,76,384,829
Preston Trevino,5,Water,68,468,1041
Linus Hardy,5,Water,53,339,676
Celeste Craig,5,Water,58,431,747
Odysseus Yates,5,Water,62,438,956
Omar Hunter,5,Water,66,312,917
Kim Harvey,5,Water,75,437,859
Imelda Oliver,5,Water,67,344,1004
Mikayla Blanchard,5,Water,64,366,791
Kermit Best,5,Water,62,439,818
Winifred Holland,5,Water,55,478,712
Vladimir Rutledge,5,Water,69,493,695
Emma Howard,5,Water,71,499,651
Holly Stanton,5,Water,57,460,650
Giselle Sharp,5,Water,66,383,983
Zephr Garcia,5,Water,66,407,749
Basia Richardson,5,Water,58,494,1017
Zahir Cherry,5,Water,60,500,851
Xenos Bradford,5,Water,58,301,768
Oliver Strong,5,Water,71,427,970
Lila Marsh,5,Water,68,307,978
Madaline Everett,5,Water,65,426,839
Ann Clayton,5,Water,77,482,1002
Hermione Mcfadden,5,Water,77,429,971
Otto Mccarthy,5,Water,59,380,904
Jamalia Maynard,5,Water,79,485,663
Laith Huffman,5,Water,74,472,820
Ashton Foster,5,Water,70,311,1026
Charissa Bean,5,Water,57,427,840
Nash Park,5,Water,74,300,892
Rylee Mccormick,5,Water,76,357,1031
Thane Evans,5,Water,77,460,945
Samson Knapp,5,Water,69,379,839